flyguytyler,6e36ea10-3f37-4afb-a5bb-076a3c6bdc99
wonderfulwhite,476db86d-75aa-4b43-8eed-397a7a4b1aae
wrenv3,577ba067-26b8-4ef7-829d-46cf129937b8
deidara,d46db87d-9849-4c4f-a291-27e092495ce3
ashrb22,c283e6bb-00e8-44a8-b76f-851d904690c0
zax71,aa64173b-924d-42d0-a8fc-611a46a70258
daddymaik,72eae4c7-0c53-47a3-b774-e4cf9cac6e2d
ignice,626e1a21-4bfe-41c1-9fb7-6180019d7ddd
makkertje_pis,1860a4e3-1720-4ae7-b941-d32fafcff879
spirehd,14f781ab-419b-4f71-84b2-16f06ef9e9b6
melee__,aa414996-b849-4241-8108-f9c22a109ae7
checkedtwice,1d024f46-a8ab-494d-a241-68e0024d5279
